{
  "model_type": "RandomForestClassifier",
  "n_estimators": 200,
  "max_depth": 10,
  "n_training_samples": 59,
  "n_test_samples": 15,
  "n_features": 8,
  "feature_names": [
    "Port Number",
    "Service Type",
    "Legacy Protocol",
    "Encrypted",
    "Auth Required",
    "CVSS Score",
    "Known Exploit",
    "Dangerous Port"
  ],
  "classes": [
    "CRITICAL",
    "HIGH",
    "LOW",
    "MEDIUM"
  ],
  "test_accuracy": 86.7,
  "cv_accuracy": 91.7,
  "cv_std": 8.2,
  "classification_report": {
    "CRITICAL": {
      "precision": 1.0,
      "recall": 0.6666666666666666,
      "f1-score": 0.8,
      "support": 3.0
    },
    "HIGH": {
      "precision": 0.8,
      "recall": 0.8,
      "f1-score": 0.8,
      "support": 5.0
    },
    "LOW": {
      "precision": 1.0,
      "recall": 1.0,
      "f1-score": 1.0,
      "support": 2.0
    },
    "MEDIUM": {
      "precision": 0.8333333333333334,
      "recall": 1.0,
      "f1-score": 0.9090909090909091,
      "support": 5.0
    },
    "accuracy": 0.8666666666666667,
    "macro avg": {
      "precision": 0.9083333333333333,
      "recall": 0.8666666666666667,
      "f1-score": 0.8772727272727273,
      "support": 15.0
    },
    "weighted avg": {
      "precision": 0.8777777777777779,
      "recall": 0.8666666666666667,
      "f1-score": 0.863030303030303,
      "support": 15.0
    }
  },
  "confusion_matrix": [
    [
      2,
      1,
      0,
      0
    ],
    [
      0,
      4,
      0,
      1
    ],
    [
      0,
      0,
      2,
      0
    ],
    [
      0,
      0,
      0,
      5
    ]
  ],
  "feature_importances": [
    0.1009,
    0.3348,
    0.019,
    0.0788,
    0.0289,
    0.2323,
    0.0424,
    0.1627
  ]
}